qa_id,question,Q1_question_understandability_agreement_type,Q1_question_understandability_majority_label,Q1_question_understandability__human_aniruh,Q1_question_understandability__human_nfonsam,Q1_question_understandability__llm_gemini-2.5-pro,Q1_question_understandability__llm_gpt-4.1-mini,Q1_question_understandability__llm_gpt-5.1,Q2_question_fluency_reuse_agreement_type,Q2_question_fluency_reuse_majority_label,Q2_question_fluency_reuse__human_aniruh,Q2_question_fluency_reuse__human_nfonsam,Q2_question_fluency_reuse__llm_gemini-2.5-pro,Q2_question_fluency_reuse__llm_gpt-4.1-mini,Q2_question_fluency_reuse__llm_gpt-5.1,Q3_evidence_dependency_agreement_type,Q3_evidence_dependency_majority_label,Q3_evidence_dependency__human_aniruh,Q3_evidence_dependency__human_nfonsam,Q3_evidence_dependency__llm_gemini-2.5-pro,Q3_evidence_dependency__llm_gpt-4.1-mini,Q3_evidence_dependency__llm_gpt-5.1
048e236039d09c7e,"If the Regulator tells a Reporting Entity that a reporting requirement applies and how long it must follow it, when does the Reporting Entity have to fill out MKT Form 10-1 every quarter, and what else might the Regulator include in that notice?",unanimous,yes,yes,yes,yes,yes,yes,majority,mostly_natural_rephrased,mostly_natural_rephrased,mostly_natural_rephrased,mostly_natural_rephrased,mostly_natural_rephrased,some_copied_acceptable,unanimous,both_needed,both_needed,both_needed,both_needed,both_needed,both_needed
05dc10be3be6dd06,"If an MTF lists Securities from an Exempt Offer that was made on its own platform, what controls does it need to (1) keep trading limited to the right people and (2) help users get the key information, and how does that fit with the Recognised Investment Exchange’s general rules about fair trading and access to disclosed information?",unanimous,yes,yes,yes,yes,yes,yes,majority,mostly_natural_rephrased,mostly_natural_rephrased,mostly_natural_rephrased,mostly_natural_rephrased,mostly_natural_rephrased,some_copied_acceptable,unanimous,both_needed,both_needed,both_needed,both_needed,both_needed,both_needed
09ed83603d5c9d13,"When preparing its Summary of Reserves and Resources, must a Petroleum Reporting Entity include the specified table in the prescribed form and within the stated timing window, and does that obligation apply if the Petroleum Reporting Entity is required to file SEC compliant Forms 10-K and 20-F Reports annually with the SEC?",unanimous,yes,yes,yes,yes,yes,yes,majority,mostly_natural_rephrased,mostly_natural_rephrased,mostly_natural_rephrased,mostly_natural_rephrased,mostly_natural_rephrased,some_copied_acceptable,unanimous,both_needed,both_needed,both_needed,both_needed,both_needed,both_needed
0bddd684a5a6da69,"When an Authorised Person is determining the credit risk weight to be used for Credit Risk Exposures based on credit assessments, what procedure must it follow to calculate risk-weighted assets for those exposures, and how does that procedure connect the exposure value to the credit risk weight used in the calculation?",unanimous,yes,yes,yes,yes,yes,yes,majority,mostly_natural_rephrased,some_copied_acceptable,mostly_natural_rephrased,mostly_natural_rephrased,mostly_natural_rephrased,some_copied_acceptable,majority,target_only_sufficient,both_needed,both_needed,target_only_sufficient,target_only_sufficient,target_only_sufficient
0f560fde86dc4a4e,"When an Investigator needs access to a person’s business premises to inspect and copy documents, how can the Investigator compel entry through written notice, and what are the notice expectations regarding whether advance warning must be given (including when it may be appropriate not to give prior notice)?",unanimous,yes,yes,yes,yes,yes,yes,majority,mostly_natural_rephrased,mostly_natural_rephrased,mostly_natural_rephrased,mostly_natural_rephrased,mostly_natural_rephrased,some_copied_acceptable,majority,both_needed,both_needed,source_only_sufficient,both_needed,both_needed,both_needed
1171eaecafc1ce10,"When an Applicant/Authorised Person is pursuing a change such as migrating an MTF to become a conventional Securities Recognised Investment Exchange, and the Regulator expects substantial additional costs or effort in dealing with the related application or authorisation, what fee consequences can be imposed and what engagement is recommended?",unanimous,yes,yes,yes,yes,yes,yes,majority,mostly_natural_rephrased,some_copied_acceptable,mostly_natural_rephrased,mostly_natural_rephrased,mostly_natural_rephrased,some_copied_acceptable,unanimous,both_needed,both_needed,both_needed,both_needed,both_needed,both_needed
12a98ee480c6eb4d,"For a Listed Entity that qualifies for admission to the Official List and has an acceptable profitability or revenue track record (or substantial tangible assets with readily ascertainable value), how does the Regulator’s decision affect whether the APP 7 restriction categories apply, and which parties are within scope of the application provision when Securities are (or will be) treated as Restricted Securities?",unanimous,yes,yes,yes,yes,yes,yes,majority,mostly_natural_rephrased,too_much_copied_unnatural,mostly_natural_rephrased,some_copied_acceptable,mostly_natural_rephrased,some_copied_acceptable,unanimous,both_needed,both_needed,both_needed,both_needed,both_needed,both_needed
13ac487b960f948c,"When an Authorised Person has a CR Exposure to a sovereign PSE in the UAE or another GCC jurisdiction, how should the firm determine whether it can treat that exposure like a central government/central bank exposure eligible for a 0% risk weight, including how the domestic-currency denomination and funding condition applies for individual Emirates of the UAE?",unanimous,yes,yes,yes,yes,yes,yes,majority,some_copied_acceptable,some_copied_acceptable,some_copied_acceptable,mostly_natural_rephrased,mostly_natural_rephrased,some_copied_acceptable,unanimous,both_needed,both_needed,both_needed,both_needed,both_needed,both_needed
15e360fdadbfb19a,"When a Petroleum Reporting Entity prepares a disclosure under the Petroleum Reporting Standard, what is expected for non-mandatory requirements, and what must the entity include in the disclosure if it does not follow a non-mandatory requirement?",unanimous,yes,yes,yes,yes,yes,yes,unanimous,mostly_natural_rephrased,mostly_natural_rephrased,mostly_natural_rephrased,mostly_natural_rephrased,mostly_natural_rephrased,mostly_natural_rephrased,unanimous,both_needed,both_needed,both_needed,both_needed,both_needed,both_needed
16c3ee4a53c1a9f6,"How should an Authorised Person determine whether it falls in Category 2 or Category 3C when its Financial Services Permission includes Providing Credit or Dealing in Investments as Principal (not as Matched Principal), and it also carries on Managing Assets with some Dealing in Investments as Agent that is wholly incidental to Managing Assets?",majority,yes,yes,partial_unclear,yes,yes,yes,majority,some_copied_acceptable,too_much_copied_unnatural,unclear,some_copied_acceptable,mostly_natural_rephrased,some_copied_acceptable,unanimous,both_needed,both_needed,both_needed,both_needed,both_needed,both_needed
1b895eb922148ad3,"If an Authorised Person says its dealing is limited to acting only as Matched Principal, what category treatment applies to that limited dealing, and what does it have to do in practice to qualify as dealing in investments as a Matched Principal?",unanimous,yes,yes,yes,yes,yes,yes,majority,mostly_natural_rephrased,mostly_natural_rephrased,mostly_natural_rephrased,mostly_natural_rephrased,mostly_natural_rephrased,some_copied_acceptable,unanimous,both_needed,both_needed,both_needed,both_needed,both_needed,both_needed
1d401bad230c5d15,"If an Investigator needs to go into someone’s business premises to look at and copy documents for an investigation, can the Investigator make the Person Under Investigation (or someone else) allow entry by sending a written notice, and does the visit have to be during normal business hours and only for documents relevant to the investigation?",unanimous,yes,yes,yes,yes,yes,yes,majority,mostly_natural_rephrased,mostly_natural_rephrased,mostly_natural_rephrased,mostly_natural_rephrased,mostly_natural_rephrased,some_copied_acceptable,majority,both_needed,both_needed,both_needed,both_needed,both_needed,target_only_sufficient
1e44cabdde5dba07,"When the Customer is not a Natural Person and the Customer and the Third Party Provider have agreed in writing to disapply the provisions governing withdrawal of consent, to what extent may the Customer still withdraw consent to a series of Third Party Transactions, and what is the authorisation status of previously consented but unexecuted Third Party Transactions at the time of withdrawal, taking into account the stated condition that applies to withdrawal?",majority,yes,yes,partial_unclear,yes,yes,partial_unclear,majority,some_copied_acceptable,some_copied_acceptable,too_much_copied_unnatural,some_copied_acceptable,mostly_natural_rephrased,too_much_copied_unnatural,majority,both_needed,both_needed,both_needed,both_needed,both_needed,target_only_sufficient
229b60d52a727226,"When an Authorised Person engaged in regulated activities in relation to Virtual Assets is required to hold regulatory capital in a manner consistent with the requirements applicable to a Recognised Investment Exchange, what form must that regulatory capital take, and what minimum capital amounts must a Recognised Investment Exchange hold (including any buffer that may be varied by the Regulator)?",majority,yes,yes,partial_unclear,yes,yes,yes,majority,some_copied_acceptable,mostly_natural_rephrased,some_copied_acceptable,some_copied_acceptable,mostly_natural_rephrased,some_copied_acceptable,unanimous,both_needed,both_needed,both_needed,both_needed,both_needed,both_needed
254547bc372b5cb1,"When designing the strategy’s system for controlling Liquidity Risk, what capabilities and governance features must it include so that the Authorised Person can both implement the Liquidity Risk requirements and allow the Governing Body and senior management to oversee compliance with limits and operating procedures?",unanimous,yes,yes,yes,yes,yes,yes,majority,some_copied_acceptable,some_copied_acceptable,mostly_natural_rephrased,some_copied_acceptable,mostly_natural_rephrased,some_copied_acceptable,majority,both_needed,both_needed,both_needed,both_needed,source_only_sufficient,source_only_sufficient
27b02d45aee84f3f,"If an Authorised Person is in Category 1, 2 or 5 and also manages a PSIA that is an Unrestricted PSIA, what must it not do regarding (1) Financial Group Large Exposures (including the Financial Group’s PSIAus) compared to the Group’s Tier 1 and (2) exposures to a Counterparty or related counterparty groups compared to its Capital Resources, depending on how the exposure is financed?",majority,yes,yes,partial_unclear,yes,yes,yes,majority,some_copied_acceptable,some_copied_acceptable,too_much_copied_unnatural,too_much_copied_unnatural,some_copied_acceptable,some_copied_acceptable,unanimous,both_needed,both_needed,both_needed,both_needed,both_needed,both_needed
2b8ee19ae20c88cf,What must a Third Party Provider do to ensure its professional indemnity insurance both remains adequate to reimburse Customers if operational risk events occur and also stays above the required threshold tied to recent Third Party Transactions?,unanimous,yes,yes,yes,yes,yes,yes,unanimous,mostly_natural_rephrased,mostly_natural_rephrased,mostly_natural_rephrased,mostly_natural_rephrased,mostly_natural_rephrased,mostly_natural_rephrased,unanimous,both_needed,both_needed,both_needed,both_needed,both_needed,both_needed
301d53276af79a92,"If the Fund Manager of a Passported Fund has to tell the Regulator about a material event as soon as practicable (and within the stated deadline once it becomes aware), what details must be included with the notice, and what extra document is required if the Prospectus has been amended or replaced?",unanimous,yes,yes,yes,yes,yes,yes,majority,mostly_natural_rephrased,mostly_natural_rephrased,mostly_natural_rephrased,some_copied_acceptable,mostly_natural_rephrased,mostly_natural_rephrased,majority,both_needed,both_needed,target_only_sufficient,source_only_sufficient,both_needed,source_only_sufficient
343c7ec7230ec8a7,"If a Listed Entity had an approval for Securities but that approval later lapses, can it still treat those Securities as approved when working out Relevant Issues and whether it must not issue more Equity Securities without approval from holders of Ordinary Securities?",unanimous,yes,yes,yes,yes,yes,yes,majority,mostly_natural_rephrased,mostly_natural_rephrased,mostly_natural_rephrased,some_copied_acceptable,mostly_natural_rephrased,mostly_natural_rephrased,majority,both_needed,both_needed,source_only_sufficient,both_needed,both_needed,both_needed
35357c6e2759b1b1,"If a Fund Manager of a Domestic Fund wants to do the Fund’s administration work itself, what must be kept separate, and what does the Fund Manager still have to do to make sure the Fund’s operating risks are properly dealt with (including considering Fund Administrators, Eligible Custodians, and any prime brokers)?",unanimous,yes,yes,yes,yes,yes,yes,majority,mostly_natural_rephrased,mostly_natural_rephrased,mostly_natural_rephrased,mostly_natural_rephrased,mostly_natural_rephrased,some_copied_acceptable,unanimous,both_needed,both_needed,both_needed,both_needed,both_needed,both_needed
355cf8097915d2c8,"Before an Authorised Person offers OTC Leveraged Products to a Retail Client (or advises or makes arrangements for them), what assessment must be completed and what risk-understanding conclusion must be reached, given the expectation that the Authorised Person considers the Retail Client’s understanding of risks and the potential magnitude of losses before establishing a business relationship?",unanimous,yes,yes,yes,yes,yes,yes,majority,some_copied_acceptable,some_copied_acceptable,too_much_copied_unnatural,some_copied_acceptable,mostly_natural_rephrased,some_copied_acceptable,majority,both_needed,both_needed,target_only_sufficient,both_needed,both_needed,target_only_sufficient
3680a608c39c6edf,"When an Authorised Person (and its participants) intends to use a delivery and/or storage facility for Accepted Spot Commodities in a jurisdiction outside the ADGM, what conditions must that facility satisfy so it can be treated as an eligible “appropriate jurisdiction” facility, and what ongoing compliance features must be in place?",unanimous,yes,yes,yes,yes,yes,yes,majority,mostly_natural_rephrased,some_copied_acceptable,mostly_natural_rephrased,some_copied_acceptable,mostly_natural_rephrased,mostly_natural_rephrased,majority,both_needed,both_needed,both_needed,both_needed,both_needed,target_only_sufficient
3849236659a8948c,"How should a Listed Entity treat Securities for the purpose of counting against the relevant issuance limit when an earlier approval has lapsed, and what conditions would allow an unapproved issue (or agreement to issue) to be treated as approved—including any timing requirement for issuing the Securities after holders approve?",unanimous,yes,yes,yes,yes,yes,yes,majority,some_copied_acceptable,some_copied_acceptable,some_copied_acceptable,mostly_natural_rephrased,mostly_natural_rephrased,some_copied_acceptable,unanimous,both_needed,both_needed,both_needed,both_needed,both_needed,both_needed
387a201e22438253,"If an Authorised Person uses the FCCA and has eligible financial Collateral for an SFT that is not under a qualifying bilateral Netting agreement, what number should it use instead of E for the credit risk weighted exposure, and how should it adjust for market moves in both the exposure and the collateral?",unanimous,yes,yes,yes,yes,yes,yes,majority,some_copied_acceptable,some_copied_acceptable,mostly_natural_rephrased,some_copied_acceptable,mostly_natural_rephrased,some_copied_acceptable,unanimous,both_needed,both_needed,both_needed,both_needed,both_needed,both_needed
3a9f52453ae801bb,"When a Relevant Person has maintained records relating to customer due diligence, customer business relationships, transactions, and suspicious activity reporting, what must it do if the Regulator requests a copy of the relevant record, and how does this interact with the requirement to keep those records for a minimum retention period?",unanimous,yes,yes,yes,yes,yes,yes,majority,mostly_natural_rephrased,some_copied_acceptable,mostly_natural_rephrased,some_copied_acceptable,mostly_natural_rephrased,mostly_natural_rephrased,unanimous,both_needed,both_needed,both_needed,both_needed,both_needed,both_needed
3e2ee2e30ce215da,"For an Authorised Person conducting Investment Business, how should the Resolution Pack reflect the periodic reconciliation and counting activities required for Client Accounts held with Third Party Agents and for Safe Custody Assets (including any involvement of a Nominee Company), and what minimum frequencies apply?",unanimous,yes,yes,yes,yes,yes,yes,majority,some_copied_acceptable,some_copied_acceptable,some_copied_acceptable,some_copied_acceptable,mostly_natural_rephrased,some_copied_acceptable,majority,both_needed,both_needed,both_needed,both_needed,both_needed,target_only_sufficient
3e4ce8a5e87a8dc8,"For an Authorised Person that is a Domestic Firm and has been given an Individual Capital Requirement (ICR) arising from Pillar 2 adjustments, what capital resources must it maintain at all times, and how does that ICR-related obligation interact with the broader expectation to hold capital and liquid assets adequate to its business profile so liabilities can be met when due?",unanimous,yes,yes,yes,yes,yes,yes,majority,some_copied_acceptable,some_copied_acceptable,some_copied_acceptable,some_copied_acceptable,mostly_natural_rephrased,some_copied_acceptable,unanimous,both_needed,both_needed,both_needed,both_needed,both_needed,both_needed
40961a2f7908a524,"When an Issuer wants a proposed Digital Security to be treated as a Security through the Regulator’s ability to deem an investment that is not a Security to be a Security, what information and documentation must the Issuer provide, and how does the Regulator’s review differ between a situation requiring an Approved Prospectus and an Exempt Offer (including what the review is not intended to do)?",majority,yes,yes,partial_unclear,yes,yes,yes,majority,some_copied_acceptable,too_much_copied_unnatural,mostly_natural_rephrased,some_copied_acceptable,some_copied_acceptable,some_copied_acceptable,majority,source_only_sufficient,both_needed,both_needed,source_only_sufficient,source_only_sufficient,source_only_sufficient
40f73736e9dd62ec,"When a Recognised Investment Exchange uses a Price Reporting Agency for establishing prices of a Financial Instrument, what ongoing review arrangements must the Recognised Investment Exchange maintain, and what specific operational and governance features must the Price Reporting Agency continue to satisfy for that review to be meaningful?",unanimous,yes,yes,yes,yes,yes,yes,majority,mostly_natural_rephrased,some_copied_acceptable,mostly_natural_rephrased,mostly_natural_rephrased,mostly_natural_rephrased,some_copied_acceptable,unanimous,both_needed,both_needed,both_needed,both_needed,both_needed,both_needed
44f10b5136e2eacc,"When a Petroleum Reporting Entity identifies new material estimates of Prospective Resources, Contingent Resources or Petroleum Reserves that have not previously been disclosed and must disclose them immediately, what specific content must be included in that disclosure, including how the entity should address permits/licences, the new data, the effect on estimates, and any updates to previously disclosed information?",unanimous,yes,yes,yes,yes,yes,yes,majority,some_copied_acceptable,some_copied_acceptable,mostly_natural_rephrased,some_copied_acceptable,mostly_natural_rephrased,some_copied_acceptable,unanimous,both_needed,both_needed,both_needed,both_needed,both_needed,both_needed
46321a06af84dda3,"If Securities are being admitted to trading on a Recognised Investment Exchange, when does the prohibition not apply because the Securities are treated as Exempt Securities, and what kinds of Securities count as Exempt Securities under the Regulator’s prescribed list?",majority,yes,yes,partial_unclear,yes,yes,yes,majority,some_copied_acceptable,some_copied_acceptable,unclear,some_copied_acceptable,mostly_natural_rephrased,some_copied_acceptable,unanimous,both_needed,both_needed,both_needed,both_needed,both_needed,both_needed
486dfdce3e64d73f,"When a Payment Order for an individual Payment Transaction is sent using a Payment Instrument issued under a Framework Contract, what information must the Payment Service Provider still provide immediately after initiation to the Payer (and where applicable the Payee), and what category of information may it omit because another Payment Service Provider has provided or will provide it under the Framework Contract?",unanimous,yes,yes,yes,yes,yes,yes,majority,some_copied_acceptable,some_copied_acceptable,mostly_natural_rephrased,some_copied_acceptable,mostly_natural_rephrased,some_copied_acceptable,majority,both_needed,both_needed,target_only_sufficient,both_needed,both_needed,both_needed
4b1efc25dc9528d2,"If a Mining Reporting Entity publishes a disclosure that includes Exploration Targets, Exploration Results, or estimates of Mineral Resources or Ore Reserves, what details must it say about the Competent Person(s), and what written approval must it get from the Competent Person(s) before publishing?",unanimous,yes,yes,yes,yes,yes,yes,unanimous,mostly_natural_rephrased,mostly_natural_rephrased,mostly_natural_rephrased,mostly_natural_rephrased,mostly_natural_rephrased,mostly_natural_rephrased,unanimous,both_needed,both_needed,both_needed,both_needed,both_needed,both_needed
4fda40b2c8db34fa,"Where the Customer is not a Natural Person and the Customer and the Third Party Provider agree in writing to apply a different notification time period for unauthorised or incorrectly executed Payment Transactions, what must the Customer do to remain entitled to redress for an unauthorised or incorrectly executed Third Party Transaction, and how does that agreed time period interact with the default deadline?",unanimous,yes,yes,yes,yes,yes,yes,majority,mostly_natural_rephrased,mostly_natural_rephrased,mostly_natural_rephrased,some_copied_acceptable,mostly_natural_rephrased,some_copied_acceptable,unanimous,both_needed,both_needed,both_needed,both_needed,both_needed,both_needed
51cefb12bc2986e7,"When the Regulator receives the relevant notice that would trigger informing Host Regulator(s) of an intent to use passporting procedures, in what circumstances must the Regulator refrain from sending that notice, and how does that affect the subsequent steps of publishing the Passported Fund’s details and notifying the Fund Manager once Host Regulator confirmation is received?",unanimous,yes,yes,yes,yes,yes,yes,majority,some_copied_acceptable,some_copied_acceptable,some_copied_acceptable,mostly_natural_rephrased,mostly_natural_rephrased,some_copied_acceptable,unanimous,both_needed,both_needed,both_needed,both_needed,both_needed,both_needed
51d9cf72aea6f0f0,"When a Mining Reporting Entity makes a disclosure that includes forecast financial information derived from a Production Target and also includes ore reserves information supported by a separate report annexed to the disclosure, what must the Mining Reporting Entity include about the assumptions used to determine the forecast financial information, and how must the ore reserves information in the disclosure be presented relative to the separate report?",unanimous,yes,yes,yes,yes,yes,yes,majority,mostly_natural_rephrased,some_copied_acceptable,mostly_natural_rephrased,mostly_natural_rephrased,mostly_natural_rephrased,some_copied_acceptable,unanimous,both_needed,both_needed,both_needed,both_needed,both_needed,both_needed
5240ab88a5aa38dc,"When an initial annual fee becomes due partway through a calendar year and must be paid to the Regulator within the required timeframe, how must the prorated portion for the remainder of that calendar year be calculated based on the number of months remaining, and what payment timing applies?",unanimous,yes,yes,yes,yes,yes,yes,majority,mostly_natural_rephrased,mostly_natural_rephrased,mostly_natural_rephrased,some_copied_acceptable,mostly_natural_rephrased,some_copied_acceptable,unanimous,both_needed,both_needed,both_needed,both_needed,both_needed,both_needed
536f2d2c37481d91,"When a PFP Operator publishes information for a PFP Prospect and later there is a material change, what must the PFP Operator do to update that published information and notify PFP Clients, and how does that interact with the PFP Operator’s record-keeping duties for disclosures and related transaction documentation?",unanimous,yes,yes,yes,yes,yes,yes,majority,some_copied_acceptable,some_copied_acceptable,mostly_natural_rephrased,some_copied_acceptable,mostly_natural_rephrased,some_copied_acceptable,majority,both_needed,both_needed,target_only_sufficient,both_needed,both_needed,both_needed
53c811c6ecd14a10,"If a Fund Manager tells its auditor in writing to audit the Fund’s financial statements and to produce a Fund Auditor’s Report, what must the Fund Manager make sure the Auditor says in that report about the accounting standards used, whether the statements are true and fair, whether records were properly kept, whether the Auditor got enough information, and whether the Directors’ or Fund Manager’s report matches the financial statements?",majority,yes,yes,partial_unclear,yes,yes,yes,majority,mostly_natural_rephrased,mostly_natural_rephrased,too_much_copied_unnatural,some_copied_acceptable,mostly_natural_rephrased,some_copied_acceptable,majority,target_only_sufficient,both_needed,both_needed,target_only_sufficient,target_only_sufficient,target_only_sufficient
5705e32a1a365390,"When the Regulator discloses Confidential Information to a criminal law enforcement agency (in the U.A.E or elsewhere) specifically to support a criminal investigation or criminal proceedings, what conditions must be met for the disclosure to be permitted, and does that scenario remain subject to the separate requirements that otherwise apply to such disclosures?",unanimous,yes,yes,yes,yes,yes,yes,majority,some_copied_acceptable,some_copied_acceptable,mostly_natural_rephrased,some_copied_acceptable,mostly_natural_rephrased,some_copied_acceptable,majority,both_needed,both_needed,both_needed,both_needed,both_needed,source_only_sufficient
57dadba191a2b41c,"When Securities are Exempt Securities and are being admitted to trading on a Recognised Investment Exchange, is a person still prohibited from having those Securities admitted unless there is an Approved Prospectus, or does the prohibition not apply (subject to any stated requirement)?",unanimous,yes,yes,yes,yes,yes,yes,majority,mostly_natural_rephrased,mostly_natural_rephrased,mostly_natural_rephrased,mostly_natural_rephrased,mostly_natural_rephrased,some_copied_acceptable,unanimous,both_needed,both_needed,both_needed,both_needed,both_needed,both_needed
57e9094f0c23a7a5,"When an Authorised Person determines its Credit RWA as a sum of RWAs across exposure categories, what must it include and exclude when calculating the RWA component for its Credit Risk Exposures, so that this CR Exposures component is correctly separated from securitisation Exposures and other non-credit-risk items?",unanimous,yes,yes,yes,yes,yes,yes,majority,mostly_natural_rephrased,mostly_natural_rephrased,mostly_natural_rephrased,some_copied_acceptable,mostly_natural_rephrased,some_copied_acceptable,majority,both_needed,both_needed,both_needed,target_only_sufficient,both_needed,target_only_sufficient
58ca7134acbd61e8,"For the purposes of an investigation, when is the Investigator permitted to compel attendance at an interview and require answers to questions, and what procedural step must the Investigator take when directing the Person Under Investigation or any other person (whether or not connected to the Person Under Investigation) to attend at a specified time and place?",unanimous,yes,yes,yes,yes,yes,yes,majority,mostly_natural_rephrased,mostly_natural_rephrased,mostly_natural_rephrased,some_copied_acceptable,mostly_natural_rephrased,some_copied_acceptable,majority,both_needed,both_needed,both_needed,both_needed,both_needed,target_only_sufficient
5b25e6b288de8e80,"If the Fund Manager of a Public Fund tells the Regulator it wants the Public Fund to be a Passported Fund, what must it do if it later finds a significant change, mistake, or missing information that matters to that notice before Promotion starts in a Host Jurisdiction, and what will the Regulator do next?",unanimous,yes,yes,yes,yes,yes,yes,majority,mostly_natural_rephrased,mostly_natural_rephrased,mostly_natural_rephrased,mostly_natural_rephrased,mostly_natural_rephrased,some_copied_acceptable,majority,both_needed,both_needed,both_needed,both_needed,both_needed,source_only_sufficient
5da11b6862d3a3ee,"When an Issuer wants to use an MTF as the primary trading venue for Digital Securities offered and issued by way of an Exempt Offer (with membership and trading limited to non-retail clients only), what must the Issuer include in its Exempt Offer document so that the Regulator can treat those Digital Securities as Securities, and how may the Regulator impose conditions when doing so?",unanimous,yes,yes,yes,yes,yes,yes,majority,mostly_natural_rephrased,too_much_copied_unnatural,mostly_natural_rephrased,some_copied_acceptable,mostly_natural_rephrased,some_copied_acceptable,unanimous,both_needed,both_needed,both_needed,both_needed,both_needed,both_needed
5e189c20eddb5245,"When an Authorised Person conducting Investment Business plans to use a Client’s Safe Custody Assets for its own purpose or for another Person, what specific permissions, controls, and record materials must it have in place, and what must be included in its Resolution Pack to evidence compliance?",unanimous,yes,yes,yes,yes,yes,yes,majority,mostly_natural_rephrased,some_copied_acceptable,mostly_natural_rephrased,some_copied_acceptable,mostly_natural_rephrased,mostly_natural_rephrased,unanimous,both_needed,both_needed,both_needed,both_needed,both_needed,both_needed
5f62d3cce6a13e8e,"For a Domestic Fund that is treated as an Exempt Fund because it is privately placed only, limited to Professional Clients, and has a minimum initial subscription of at least US$50,000 while not meeting the conditions to be a Qualified Investor Fund, what must the Fund Manager do if the fund later cannot continue to meet the conditions needed to remain an Exempt Fund, and what alternative reclassification options are available?",unanimous,yes,yes,yes,yes,yes,yes,majority,mostly_natural_rephrased,some_copied_acceptable,mostly_natural_rephrased,mostly_natural_rephrased,mostly_natural_rephrased,some_copied_acceptable,majority,both_needed,both_needed,source_only_sufficient,both_needed,both_needed,both_needed
5f7240dae9e51d81,"For an Authorised Person exposed to the risk of foreign currencies and gold under an Islamic Contract, when is it permitted not to calculate a Foreign Exchange Risk Capital Requirement, and what quantitative tests must it apply using its Foreign Currency business and overall net open position relative to Capital Resources?",unanimous,yes,yes,yes,yes,yes,yes,majority,some_copied_acceptable,some_copied_acceptable,mostly_natural_rephrased,some_copied_acceptable,mostly_natural_rephrased,some_copied_acceptable,majority,both_needed,both_needed,both_needed,both_needed,both_needed,target_only_sufficient
610fd687cbc00576,"If an Authorised Person is an MTF or OTF for spot commodity activities, how much regulatory capital must it hold compared with what a Recognised Investment Exchange must hold, including any extra buffer the Regulator can change?",unanimous,yes,yes,yes,yes,yes,yes,unanimous,mostly_natural_rephrased,mostly_natural_rephrased,mostly_natural_rephrased,mostly_natural_rephrased,mostly_natural_rephrased,mostly_natural_rephrased,unanimous,both_needed,both_needed,both_needed,both_needed,both_needed,both_needed
6110e9833cd25477,"If a Relevant Person is assessing a customer and deciding whether to rate them high risk because of the countries involved, what kinds of reports and organisations count as credible sources for deciding that a country has weak anti-money laundering controls, high corruption or crime, sanctions exposure, or terrorism links?",unanimous,yes,yes,yes,yes,yes,yes,majority,mostly_natural_rephrased,mostly_natural_rephrased,mostly_natural_rephrased,some_copied_acceptable,mostly_natural_rephrased,some_copied_acceptable,majority,both_needed,both_needed,target_only_sufficient,both_needed,both_needed,both_needed
6697fc0bf46b866e,How should an Authorised Person calculate the annual supervision fees payable to the Regulator when it both (i) operates as a Cell Company with multiple Cells and (ii) holds a Financial Services Permission to carry on Effecting Contracts of Insurance and/or Carrying Out Contracts of Insurance as a Captive Insurer or an Insurance Special Purpose Vehicle?,unanimous,yes,yes,yes,yes,yes,yes,majority,mostly_natural_rephrased,some_copied_acceptable,mostly_natural_rephrased,some_copied_acceptable,mostly_natural_rephrased,mostly_natural_rephrased,unanimous,both_needed,both_needed,both_needed,both_needed,both_needed,both_needed
6dd44380bd02e3d2,"When an Authorised Person holds CET1 Capital instruments issued by a Relevant Entity, how should it determine whether the holding is treated as a “significant investment” for CET1 deduction purposes, and how does that determination affect which category of CET1 deduction applies to those holdings?",unanimous,yes,yes,yes,yes,yes,yes,majority,mostly_natural_rephrased,too_much_copied_unnatural,mostly_natural_rephrased,mostly_natural_rephrased,mostly_natural_rephrased,mostly_natural_rephrased,unanimous,both_needed,both_needed,both_needed,both_needed,both_needed,both_needed
713051124c871887,"If a Recognised Clearing House cannot get one specific transaction settled, can it still be treated as meeting the Recognition Requirement, and what must its required satisfactory arrangements include by way of referencing other requirements?",unanimous,yes,yes,yes,yes,yes,yes,majority,mostly_natural_rephrased,mostly_natural_rephrased,mostly_natural_rephrased,some_copied_acceptable,mostly_natural_rephrased,some_copied_acceptable,unanimous,both_needed,both_needed,both_needed,both_needed,both_needed,both_needed
77032a5135185e5a,"If a Petroleum Reporting Entity is disclosing material Contingent Resources estimates for the first time, what must it say about the types of permits or licences it holds, and what other required explanations must it include about the data, the basis for the discovery, and how the estimates were made?",unanimous,yes,yes,yes,yes,yes,yes,majority,mostly_natural_rephrased,some_copied_acceptable,mostly_natural_rephrased,mostly_natural_rephrased,mostly_natural_rephrased,some_copied_acceptable,majority,target_only_sufficient,both_needed,both_needed,target_only_sufficient,target_only_sufficient,target_only_sufficient
7745e6835dca8da7,"When can a letter of credit count as a qualifying letter of credit that the Regulator may allow to be included as eligible capital, and what specific features must it have (like being enforceable in ADGM or an approved jurisdiction, not needing all-party consent to change, no collateral required from the Captive Insurer, and the bank’s rating and regulation)?",unanimous,yes,yes,yes,yes,yes,yes,majority,some_copied_acceptable,some_copied_acceptable,some_copied_acceptable,some_copied_acceptable,mostly_natural_rephrased,some_copied_acceptable,unanimous,both_needed,both_needed,both_needed,both_needed,both_needed,both_needed
7f383e197ff6f4e8,"When the Regulator holds Confidential Information that qualifies as CRD Information because it was received from an EEA Competent Authority, under what circumstances may the Regulator disclose it to facilitate the carrying out of a Public Function, and to which types of recipients can such a disclosure be made?",unanimous,yes,yes,yes,yes,yes,yes,majority,mostly_natural_rephrased,too_much_copied_unnatural,mostly_natural_rephrased,some_copied_acceptable,mostly_natural_rephrased,mostly_natural_rephrased,majority,both_needed,both_needed,both_needed,both_needed,both_needed,target_only_sufficient
80d6c95ebae92dd0,"When an Authorised Person is required to retain records of voice or electronic communications for at least two years, how should it determine whether particular communications fall outside the scope because they are general market-condition discussions not intended to lead to a specific Transaction, or because they occur between Fund Managers (or between Fund Managers and Eligible Custodians) of the same Fund acting in that capacity?",unanimous,yes,yes,yes,yes,yes,yes,majority,mostly_natural_rephrased,mostly_natural_rephrased,mostly_natural_rephrased,some_copied_acceptable,mostly_natural_rephrased,some_copied_acceptable,majority,both_needed,both_needed,both_needed,neither_mismatch_unclear,both_needed,target_only_sufficient
82d2843886eaf674,"When an annual designation fee is due partway through a calendar year, how should the payable amount be calculated and by when must the initial annual fee be paid to the Regulator?",unanimous,yes,yes,yes,yes,yes,yes,unanimous,mostly_natural_rephrased,mostly_natural_rephrased,mostly_natural_rephrased,mostly_natural_rephrased,mostly_natural_rephrased,mostly_natural_rephrased,unanimous,both_needed,both_needed,both_needed,both_needed,both_needed,both_needed
85c7a88a32028ce9,"How should an Authorised Person determine whether it falls within Category 2 or Category 3A when its Financial Services Permission includes Dealing in Investments as Principal and/or Dealing in Investments as Agent, including the case where principal dealing is only as a Matched Principal and the case where agent dealing is wholly incidental to Managing an Investment Fund or Managing Assets?",unanimous,yes,yes,yes,yes,yes,yes,majority,mostly_natural_rephrased,too_much_copied_unnatural,mostly_natural_rephrased,some_copied_acceptable,mostly_natural_rephrased,some_copied_acceptable,unanimous,both_needed,both_needed,both_needed,both_needed,both_needed,both_needed
8619993885d71df5,"For an Authorised Person conducting Investment Business, which reconciliation and verification outputs must be captured for inclusion in the Resolution Pack, and what minimum frequencies apply to those underlying reconciliations and counts when Client Accounts are held with Third Party Agents and when Safe Custody Assets are involved?",unanimous,yes,yes,yes,yes,yes,yes,majority,mostly_natural_rephrased,too_much_copied_unnatural,mostly_natural_rephrased,mostly_natural_rephrased,mostly_natural_rephrased,some_copied_acceptable,unanimous,both_needed,both_needed,both_needed,both_needed,both_needed,both_needed
87231a712205b723,"When a Mining Reporting Entity makes a disclosure that includes forecast financial information derived from a Production Target and also discloses an estimate of Ore Reserves, what specific categories of information must it include about (i) the assumptions used to determine the forecast financial information and (ii) the key factors or assumptions underlying the Ore Reserves estimate?",majority,yes,yes,partial_unclear,yes,yes,yes,majority,some_copied_acceptable,some_copied_acceptable,too_much_copied_unnatural,some_copied_acceptable,mostly_natural_rephrased,some_copied_acceptable,unanimous,both_needed,both_needed,both_needed,both_needed,both_needed,both_needed
88b9c6fa0ca55fb3,"If an Originator provides non-contractual support to a securitisation transaction in order to reduce investors’ potential or actual losses beyond what the transaction documents require, what compliance consequences and investor-facing disclosures apply, including how the Originator must treat the underlying Exposures and any gain on sale?",unanimous,yes,yes,yes,yes,yes,yes,majority,mostly_natural_rephrased,some_copied_acceptable,some_copied_acceptable,mostly_natural_rephrased,mostly_natural_rephrased,mostly_natural_rephrased,majority,both_needed,both_needed,both_needed,source_only_sufficient,both_needed,both_needed
893586bb931cb773,"If the Regulator thinks a Listed Entity being admitted to the Official List needs quarterly cash reports (for example, because it is admitted under the assets eligibility test, has less than three years of audited financial statements, or is a cash-box), what does the Reporting Entity have to do each quarter when the Regulator also requires quarterly reporting as a condition of admission or because it classifies the Reporting Entity as a Mining Exploration Reporting Entity or a Petroleum Exploration Reporting Entity?",unanimous,yes,yes,yes,yes,yes,yes,majority,some_copied_acceptable,some_copied_acceptable,mostly_natural_rephrased,too_much_copied_unnatural,mostly_natural_rephrased,some_copied_acceptable,unanimous,both_needed,both_needed,both_needed,both_needed,both_needed,both_needed
899e964325c9691b,"For a Customer that is not a Natural Person, if the Customer and the Third Party Provider have agreed in writing to change the time period for notifying unauthorised or incorrectly executed Payment Transactions, how does that interact with the Customer’s entitlement to redress when the Third Party Provider did not provide or make available information about the Third Party Transaction as required?",unanimous,yes,yes,yes,yes,yes,yes,majority,some_copied_acceptable,some_copied_acceptable,some_copied_acceptable,mostly_natural_rephrased,mostly_natural_rephrased,some_copied_acceptable,majority,both_needed,both_needed,target_only_sufficient,both_needed,both_needed,both_needed
8c6e94dd4640227e,"When an Authorised Person is considering a guarantee as credit risk mitigation for a credit risk exposure to a multilateral development bank, what conditions must be met for the guarantee to be eligible for recognition, and what risk weight must be applied to the exposure if the MDB is one of the qualifying institutions listed (for example, IBRD/IFC/MIGA within the World Bank Group)?",majority,yes,yes,partial_unclear,yes,yes,yes,majority,some_copied_acceptable,some_copied_acceptable,some_copied_acceptable,mostly_natural_rephrased,mostly_natural_rephrased,some_copied_acceptable,unanimous,both_needed,both_needed,both_needed,both_needed,both_needed,both_needed
8ff811107a4ee8b8,"Where investments are made using Musharaka or Mudaraba contracts with commodities as the underlying assets, how must an Authorised Person calculate its Commodities Risk Capital Requirement, including the required treatment of Trading Book and Non Trading Book commodity positions and the permitted calculation approaches?",majority,yes,partial_unclear,yes,yes,yes,yes,majority,too_much_copied_unnatural,too_much_copied_unnatural,too_much_copied_unnatural,too_much_copied_unnatural,mostly_natural_rephrased,some_copied_acceptable,majority,both_needed,target_only_sufficient,both_needed,both_needed,both_needed,both_needed
96d798bb5745edb9,"In the annual report, what does the Reporting Entity need to say about who leads the Board and what decisions the Board keeps versus delegates to Senior Management, and what balance of skills and independence and what resources must the Board and its committees have for both the Reporting Entity and the Listed Entity?",majority,partial_unclear,yes,partial_unclear,partial_unclear,partial_unclear,yes,majority,mostly_natural_rephrased,mostly_natural_rephrased,some_copied_acceptable,mostly_natural_rephrased,too_much_copied_unnatural,some_copied_acceptable,unanimous,both_needed,both_needed,both_needed,both_needed,both_needed,both_needed
9d433957cee557b9,"When an Authorised Person wants to treat Exposures as collateralised using cash received under a CLN it issued, or using loans and Deposits of a Counterparty that are subject to an on balance sheet Netting agreement, what conditions must be satisfied before the Authorised Person can recognise the effects of CRM for that Collateral?",majority,yes,yes,no,yes,yes,yes,majority,some_copied_acceptable,some_copied_acceptable,too_much_copied_unnatural,some_copied_acceptable,mostly_natural_rephrased,some_copied_acceptable,unanimous,both_needed,both_needed,both_needed,both_needed,both_needed,both_needed
9dcca7d2db679059,"When an Authorised Person is monitoring and controlling its Exposures within the Large Exposures limits, what immediate notification and written follow-up obligations apply if (i) there is any breach of those limits and (ii) a Trading Book portion of a Large Exposure, alone or combined with any Non Trading Book portion, is likely to push the exposure above 25% of Tier 1, including what must be included in the notice to the Regulator?",unanimous,yes,yes,yes,yes,yes,yes,majority,mostly_natural_rephrased,some_copied_acceptable,mostly_natural_rephrased,mostly_natural_rephrased,mostly_natural_rephrased,some_copied_acceptable,unanimous,both_needed,both_needed,both_needed,both_needed,both_needed,both_needed
a346741805e67f29,"When the Regulator receives the required notice that would ordinarily trigger it to inform Host Regulator(s) of its intent to use the passporting procedures for a Passported Fund, in what circumstances may the Regulator refrain from sending that notice, and if it does proceed, what are the timing and follow-on steps tied to Host Regulator confirmation and the Register of Passported Funds?",unanimous,yes,yes,yes,yes,yes,yes,majority,mostly_natural_rephrased,some_copied_acceptable,mostly_natural_rephrased,mostly_natural_rephrased,mostly_natural_rephrased,some_copied_acceptable,unanimous,both_needed,both_needed,both_needed,both_needed,both_needed,both_needed
a4585a8d826562fd,"When a Mining Reporting Entity makes a disclosure that includes Exploration Targets, Exploration Results, or estimates of Mineral Resources or Ore Reserves, what must it state about the named Competent Person(s), and what consent must be obtained before making the disclosure regarding how the information and supporting material are presented?",unanimous,yes,yes,yes,yes,yes,yes,majority,some_copied_acceptable,some_copied_acceptable,mostly_natural_rephrased,some_copied_acceptable,mostly_natural_rephrased,some_copied_acceptable,unanimous,both_needed,both_needed,both_needed,both_needed,both_needed,both_needed
a7c2fff31099d8c6,"If a Listed Entity entered into an issue (or agreement to issue) Securities without prior holder approval, under what conditions can that transaction later be treated as approved, and how does that later approval affect whether the Listed Entity needs holder approval to stay within the cap on new Equity Securities calculated using the 20% Base Amount minus Relevant Issues formula?",unanimous,yes,yes,yes,yes,yes,yes,majority,mostly_natural_rephrased,too_much_copied_unnatural,mostly_natural_rephrased,some_copied_acceptable,mostly_natural_rephrased,some_copied_acceptable,unanimous,both_needed,both_needed,both_needed,both_needed,both_needed,both_needed
a806d0f5b2bb456a,"When preparing the weekly position report that a Recognised Investment Exchange must publish and provide to the Regulator for each Derivative admitted to trading, how must the Recognised Investment Exchange distinguish, as far as practicable, between risk-reducing positions tied directly to commercial activities and other positions, while still reporting the required aggregate position details by category of participant?",unanimous,yes,yes,yes,yes,yes,yes,majority,mostly_natural_rephrased,mostly_natural_rephrased,mostly_natural_rephrased,mostly_natural_rephrased,mostly_natural_rephrased,some_copied_acceptable,unanimous,both_needed,both_needed,both_needed,both_needed,both_needed,both_needed
ab28308168b764d1,"If an RIE or MTF has to put in place arrangements that make sure parties’ rights and liabilities from trades on its platform are settled on time, when does engaging a Recognised Clearing House or a Remote Clearing House count as enough to meet that requirement, and what restriction is stated for Remote Clearing Houses in Digital Securities?",unanimous,yes,yes,yes,yes,yes,yes,majority,mostly_natural_rephrased,mostly_natural_rephrased,mostly_natural_rephrased,some_copied_acceptable,mostly_natural_rephrased,some_copied_acceptable,majority,both_needed,both_needed,both_needed,source_only_sufficient,both_needed,source_only_sufficient
b071d6d7145fe585,"When an Authorised Person wants to start offering Clients a Virtual Asset that was not originally approved in its application, what must it submit to the FSRA for approval, and how will the FSRA assess whether that Virtual Asset can be treated as an Accepted Virtual Asset for that Authorised Person?",unanimous,yes,yes,yes,yes,yes,yes,majority,mostly_natural_rephrased,too_much_copied_unnatural,mostly_natural_rephrased,some_copied_acceptable,mostly_natural_rephrased,some_copied_acceptable,unanimous,both_needed,both_needed,both_needed,both_needed,both_needed,both_needed
ba828e11e8e65613,"If a Recognised Investment Exchange admits to trading a Financial Instrument that uses a benchmark or index from a Price Reporting Agency, what checks must the exchange do to make sure the agency meets the required standards for how it sets prices and handles transparency, governance, conflicts, and complaints?",unanimous,yes,yes,yes,yes,yes,yes,majority,mostly_natural_rephrased,mostly_natural_rephrased,mostly_natural_rephrased,mostly_natural_rephrased,mostly_natural_rephrased,some_copied_acceptable,unanimous,both_needed,both_needed,both_needed,both_needed,both_needed,both_needed
bb24724bb265896b,"When an Authorised Person engaged in regulated activities in relation to Virtual Assets aligns its regulatory capital approach to the requirements that apply to a Recognised Investment Exchange, what form must that regulatory capital take, and what minimum capital amounts must a Recognised Investment Exchange hold (including any buffer that may be varied by the Regulator)?",unanimous,yes,yes,yes,yes,yes,yes,majority,mostly_natural_rephrased,mostly_natural_rephrased,mostly_natural_rephrased,mostly_natural_rephrased,mostly_natural_rephrased,some_copied_acceptable,unanimous,both_needed,both_needed,both_needed,both_needed,both_needed,both_needed
bdea13e6e19e957a,"When an Authorised Person is determining whether an Exposure should receive the 150% risk weight for being associated with particularly high risks, which types of Investments must be treated as particularly high risk, including any categories that could cover Shares or Units in a Collective Investment Fund?",unanimous,yes,yes,yes,yes,yes,yes,majority,mostly_natural_rephrased,some_copied_acceptable,mostly_natural_rephrased,mostly_natural_rephrased,mostly_natural_rephrased,some_copied_acceptable,unanimous,both_needed,both_needed,both_needed,both_needed,both_needed,both_needed
c354f4a6a30cbac7,"If an Authorised Person doing Virtual Asset regulated activities must follow the same capital approach as a Recognised Investment Exchange, what form must the Authorised Person’s regulatory capital be in, and how much capital does a Recognised Investment Exchange have to hold (including any extra buffer the Regulator can change)?",unanimous,yes,yes,yes,yes,yes,yes,majority,mostly_natural_rephrased,mostly_natural_rephrased,mostly_natural_rephrased,mostly_natural_rephrased,mostly_natural_rephrased,some_copied_acceptable,unanimous,both_needed,both_needed,both_needed,both_needed,both_needed,both_needed
c4c8063e2b10f8ea,"When setting expectations for a Reporting Entity’s Corporate Governance framework to support prudent and sound long‑term management in the interests of the Reporting Entity and its Shareholders, to what extent may the Regulator make Rules that prescribe Corporate Governance principles and standards and impose requirements on the Reporting Entity’s board of Directors and individual members, Controllers, employees, or other persons, including matters such as fair treatment of Shareholders and conflicts of interests?",unanimous,yes,yes,yes,yes,yes,yes,majority,some_copied_acceptable,some_copied_acceptable,some_copied_acceptable,too_much_copied_unnatural,mostly_natural_rephrased,some_copied_acceptable,majority,both_needed,both_needed,both_needed,both_needed,both_needed,target_only_sufficient
ca7b40ed628e7309,"If a Reporting Entity has missed a required disclosure or the Regulator thinks there is (or could be) a false market in a Listed Entity’s Securities, what can the Regulator tell the Reporting Entity to do, and what extra ongoing duties can it add when it believes this is in the interests of the Abu Dhabi Global Market?",unanimous,yes,yes,yes,yes,yes,yes,majority,mostly_natural_rephrased,some_copied_acceptable,mostly_natural_rephrased,mostly_natural_rephrased,mostly_natural_rephrased,some_copied_acceptable,unanimous,both_needed,both_needed,both_needed,both_needed,both_needed,both_needed
cee4e7c62e8f66ca,"When a Payment Service User requests information at any time during the term of a Framework Contract, what information must the Payment Service Provider provide, and how does that obligation relate to the minimum information that the Framework Contract itself must include unless the Payment Service Provider and a Payment Service User which is not a Natural Person agree otherwise in writing?",majority,yes,yes,yes,partial_unclear,yes,yes,majority,some_copied_acceptable,some_copied_acceptable,mostly_natural_rephrased,some_copied_acceptable,mostly_natural_rephrased,some_copied_acceptable,unanimous,both_needed,both_needed,both_needed,both_needed,both_needed,both_needed
cf8dd636cd9dd2cb,"When an Authorised Person wants to treat the netting of an on balance sheet Exposure against an offsetting on balance sheet item as eligible, what conditions must it satisfy regarding the netting agreement and its legal enforceability and documentation, and what additional prerequisite must be met before it may recognise that netting as eligible?",unanimous,yes,yes,yes,yes,yes,yes,majority,some_copied_acceptable,some_copied_acceptable,mostly_natural_rephrased,some_copied_acceptable,mostly_natural_rephrased,some_copied_acceptable,majority,both_needed,both_needed,both_needed,target_only_sufficient,target_only_sufficient,both_needed
d350ec23b14294f4,"When an Exempt Fund can no longer satisfy the conditions needed to remain classified as an Exempt Fund, what must the Fund Manager do in relation to applying for the winding up of that Fund, and how does the availability of converting the Fund to a Qualified Investor Fund depend on whether the Fund meets the criteria for a Domestic Fund to be treated as a Qualified Investor Fund (including how its Units are offered and who may be Unitholders)?",unanimous,yes,yes,yes,yes,yes,yes,majority,some_copied_acceptable,some_copied_acceptable,too_much_copied_unnatural,too_much_copied_unnatural,mostly_natural_rephrased,some_copied_acceptable,unanimous,both_needed,both_needed,both_needed,both_needed,both_needed,both_needed
d873949d0426272b,"When a Mining Reporting Entity is preparing forecast financial information and that forecast is derived from a Production Target, how should it determine whether it must also provide disclosures about Ore Reserves—particularly where Ore Reserve estimates are being disclosed for the first time or have materially changed since the last disclosure—and what specific forecast-related items must be included in the disclosure package?",majority,yes,yes,partial_unclear,partial_unclear,yes,yes,majority,some_copied_acceptable,too_much_copied_unnatural,unclear,some_copied_acceptable,mostly_natural_rephrased,some_copied_acceptable,majority,both_needed,both_needed,target_only_sufficient,both_needed,both_needed,both_needed
daa28727b917ba23,"If the Fund Manager identifies a material change, error, or omission after making the cross-border notification but before Promotion starts in a Host Jurisdiction, what notifications must be made and what regulatory measures may follow if that issue means the Fund Manager would no longer comply with applicable legislation (including these Rules) or the Regulator considers action necessary?",unanimous,yes,yes,yes,yes,yes,yes,majority,some_copied_acceptable,some_copied_acceptable,mostly_natural_rephrased,some_copied_acceptable,mostly_natural_rephrased,some_copied_acceptable,unanimous,both_needed,both_needed,both_needed,both_needed,both_needed,both_needed
dd9324192c9a7188,"When determining the Credit RWA of an Authorised Person as an aggregate sum that includes the component for Credit Risk Exposures, what calculation steps must the Authorised Person follow to compute and aggregate the RWA for all of its CR Exposures so that this component can be included in the overall Credit RWA total?",unanimous,yes,yes,yes,yes,yes,yes,majority,some_copied_acceptable,some_copied_acceptable,mostly_natural_rephrased,some_copied_acceptable,mostly_natural_rephrased,some_copied_acceptable,majority,both_needed,both_needed,both_needed,target_only_sufficient,both_needed,target_only_sufficient
deea83499d67e2c9,"A Mining Reporting Entity is expected to follow the non-mandatory parts of a Mining Reporting Standard. If its disclosure does not meet one of those non-mandatory requirements, what does it have to say in the disclosure?",unanimous,yes,yes,yes,yes,yes,yes,unanimous,mostly_natural_rephrased,mostly_natural_rephrased,mostly_natural_rephrased,mostly_natural_rephrased,mostly_natural_rephrased,mostly_natural_rephrased,majority,both_needed,both_needed,both_needed,target_only_sufficient,both_needed,target_only_sufficient
df992550123bafca,"For a Remote Body’s annual report to the Regulator, what time period should the report cover, and how do you set the start and end dates so the period follows on correctly from the last report (or, if there was no last report, from the Recognition Order), especially if the Remote Body changes its reporting period?",unanimous,yes,yes,yes,yes,yes,yes,majority,mostly_natural_rephrased,mostly_natural_rephrased,mostly_natural_rephrased,mostly_natural_rephrased,mostly_natural_rephrased,some_copied_acceptable,majority,both_needed,both_needed,both_needed,both_needed,both_needed,target_only_sufficient
e01e9f1e9dd5fd16,"If someone files a Supplementary Prospectus, when can the Regulator ask for an extra fee, and is that the same kind of situation where the Regulator can charge an extra fee for other filings or supervision work?",unanimous,yes,yes,yes,yes,yes,yes,unanimous,mostly_natural_rephrased,mostly_natural_rephrased,mostly_natural_rephrased,mostly_natural_rephrased,mostly_natural_rephrased,mostly_natural_rephrased,unanimous,both_needed,both_needed,both_needed,both_needed,both_needed,both_needed
e2fc874bfacea533,"For an Authorised Person operating as a Branch, what ongoing prudential resource standards apply and what specific reporting and notification actions must it take toward the Regulator, given how the Rules are applied by operating model?",unanimous,yes,yes,yes,yes,yes,yes,majority,mostly_natural_rephrased,some_copied_acceptable,mostly_natural_rephrased,mostly_natural_rephrased,mostly_natural_rephrased,some_copied_acceptable,majority,both_needed,both_needed,both_needed,both_needed,both_needed,target_only_sufficient
e734025e4ea2af5a,"When an Investigator needs help to advance an investigation—such as locating particular documents—what forms of assistance can the Investigator compel, and what procedural mechanism and scope of persons can be used to impose that requirement?",unanimous,yes,yes,yes,yes,yes,yes,majority,mostly_natural_rephrased,mostly_natural_rephrased,mostly_natural_rephrased,some_copied_acceptable,mostly_natural_rephrased,mostly_natural_rephrased,unanimous,both_needed,both_needed,both_needed,both_needed,both_needed,both_needed
e73ddfe65d568d47,"When an Authorised Person is calculating RWA for a credit risk exposure and has taken eligible financial Collateral for that exposure while using the FCSA, how must it reflect the collateral in the exposure amount and the applicable risk weights so that the resulting RWA amounts can be aggregated across all credit risk exposures?",unanimous,yes,yes,yes,yes,yes,yes,majority,some_copied_acceptable,too_much_copied_unnatural,some_copied_acceptable,mostly_natural_rephrased,mostly_natural_rephrased,some_copied_acceptable,majority,both_needed,both_needed,both_needed,both_needed,source_only_sufficient,both_needed
e8d436b85bd1818e,"When a Mining Reporting Entity prepares a disclosure that includes forecast financial information derived from a Production Target and also includes ore reserves information supported by a separate report, what must the Mining Reporting Entity include about the assumptions used to determine the forecast financial information, and how must the ore reserves information in the disclosure be presented relative to the separate report and annexure?",unanimous,yes,yes,yes,yes,yes,yes,majority,some_copied_acceptable,some_copied_acceptable,mostly_natural_rephrased,some_copied_acceptable,mostly_natural_rephrased,some_copied_acceptable,unanimous,both_needed,both_needed,both_needed,both_needed,both_needed,both_needed
ebd9610d5d4d47a7,"If an Authorised Person decides to lower the value of its Exposures using credit risk mitigation options like provisions, netting, collateral, guarantees, credit derivatives, or securitisation, what policy must it write down about using any exclusions, and how does that fit with the fact the reductions are optional?",majority,yes,yes,partial_unclear,yes,yes,yes,majority,mostly_natural_rephrased,mostly_natural_rephrased,some_copied_acceptable,mostly_natural_rephrased,mostly_natural_rephrased,mostly_natural_rephrased,unanimous,both_needed,both_needed,both_needed,both_needed,both_needed,both_needed
eebe235602d9d4f8,"What arrangements must a Recognised Investment Exchange maintain to regularly reassess whether a Price Reporting Agency continues to satisfy the required standards for price establishment, transparency, governance, conflicts management, and complaint handling?",unanimous,yes,yes,yes,yes,yes,yes,majority,some_copied_acceptable,mostly_natural_rephrased,some_copied_acceptable,some_copied_acceptable,mostly_natural_rephrased,some_copied_acceptable,majority,both_needed,both_needed,both_needed,neither_mismatch_unclear,both_needed,source_only_sufficient
f6f4407ec6bd7977,"When an Authorised Person evaluates its Exposure to interest rate risk arising from its Non Trading Book activities, what specific interest-rate shock scenario must be included, and how should the evaluation be handled if the Authorised Person has balance sheet positions in more than one currency?",unanimous,yes,yes,yes,yes,yes,yes,majority,mostly_natural_rephrased,mostly_natural_rephrased,mostly_natural_rephrased,some_copied_acceptable,mostly_natural_rephrased,some_copied_acceptable,unanimous,both_needed,both_needed,both_needed,both_needed,both_needed,both_needed
f8720b938d34456e,"When an Authorised Person is considering whether it may recognise the effects of CRM from a Credit Derivative because the protection provider is an MDB, what must it do for any CR Exposure to those qualifying MDBs in terms of risk weighting, and which MDBs qualify for that treatment?",unanimous,yes,yes,yes,yes,yes,yes,majority,mostly_natural_rephrased,mostly_natural_rephrased,mostly_natural_rephrased,some_copied_acceptable,mostly_natural_rephrased,some_copied_acceptable,majority,both_needed,both_needed,target_only_sufficient,both_needed,both_needed,both_needed
f88ceff7304b0880,"When a Third Party Provider intends to change information that the Governing Contract is required to include (such as the maximum time taken for the Third Party Services to be provided or the agreed means of communication for notifications), what advance notice must be given to the Customer, and how does any written agreement between the parties affect what information is treated as contractually required in the first place?",majority,yes,yes,partial_unclear,yes,yes,yes,majority,some_copied_acceptable,too_much_copied_unnatural,some_copied_acceptable,some_copied_acceptable,mostly_natural_rephrased,some_copied_acceptable,unanimous,both_needed,both_needed,both_needed,both_needed,both_needed,both_needed
ffac0015010636bf,"If a Reporting Entity plans to publish a financial report on a set date, can it always wait until that date to share information, or does it sometimes need to disclose sooner because continuous disclosure works together with financial reporting and other disclosure documents like prospectus offers and bidders/targets statements?",unanimous,yes,yes,yes,yes,yes,yes,majority,mostly_natural_rephrased,mostly_natural_rephrased,mostly_natural_rephrased,some_copied_acceptable,mostly_natural_rephrased,some_copied_acceptable,majority,both_needed,both_needed,source_only_sufficient,both_needed,both_needed,both_needed
